{
  "experiment": "3_1_1_c_bpso_iterations",
  "param_name": "max_iterations",
  "results": [
    {
      "param_value": 20,
      "value": 66206.788,
      "best_fitness_history": [
        -15.738709347027678,
        -9.770584646425169,
        -9.770584646425169,
        -8.383954738329287,
        -7.807076325443595,
        -7.807076325443595,
        -4.994669773715634,
        -4.994669773715634,
        -4.994669773715634,
        -4.994669773715634,
        -4.994669773715634,
        -4.64954873905257,
        -1.4733776322594374,
        -1.4733776322594374,
        -0.9655599601144844,
        -0.9655599601144844,
        -0.9655599601144844,
        -0.9655599601144844,
        -0.9655599601144844,
        -0.9655599601144844,
        -0.9655599601144844
      ]
    },
    {
      "param_value": 30,
      "value": 66209.948,
      "best_fitness_history": [
        -10.69991191116224,
        -10.409181067612515,
        -7.900684357911494,
        -7.900684357911494,
        -4.57694672058749,
        -4.57694672058749,
        -4.57694672058749,
        -4.57694672058749,
        -2.875407128713254,
        -2.875407128713254,
        -1.5093094955642667,
        -1.5093094955642667,
        -1.2207735384832037,
        -1.2207735384832037,
        -1.2207735384832037,
        -1.2207735384832037,
        -1.2207735384832037,
        -1.2207735384832037,
        -0.6497946338758237,
        -0.6497946338758237,
        -0.6497946338758237,
        -0.6497946338758237,
        -0.6497946338758237,
        -0.4565005758009342,
        -0.4565005758009342,
        -0.4565005758009342,
        -0.4565005758009342,
        -0.4050111152179931,
        -0.4050111152179931,
        -0.4050111152179931,
        -0.4050111152179931
      ]
    },
    {
      "param_value": 50,
      "value": 64304.07599999999,
      "best_fitness_history": [
        -12.332716529427824,
        -9.766531299519615,
        -8.511062782499357,
        -5.3411745732404174,
        -5.3411745732404174,
        -5.3411745732404174,
        -4.0073947704069575,
        -4.0073947704069575,
        -3.4106642153185946,
        -3.4106642153185946,
        -3.4106642153185946,
        -2.3258840526693634,
        0.3757381231499304,
        0.3757381231499304,
        0.3757381231499304,
        0.4009886462356135,
        0.4009886462356135,
        0.4009886462356135,
        0.4009886462356135,
        0.4009886462356135,
        0.4009886462356135,
        0.4009886462356135,
        0.4009886462356135,
        0.4009886462356135,
        0.4009886462356135,
        0.4009886462356135,
        0.4009886462356135,
        0.4009886462356135,
        0.4009886462356135,
        0.4009886462356135,
        0.4009886462356135,
        0.5010038559492165,
        0.5010038559492165,
        0.5010038559492165,
        0.5010038559492165,
        0.5010038559492165,
        0.5010038559492165,
        0.5010038559492165,
        0.5010038559492165,
        0.5010038559492165,
        0.5010038559492165,
        0.5010038559492165,
        0.5010038559492165,
        0.5010038559492165,
        0.5010038559492165,
        0.5010038559492165,
        0.5010038559492165,
        0.5010038559492165,
        0.5010038559492165,
        0.5010038559492165,
        0.5010038559492165
      ]
    },
    {
      "param_value": 70,
      "value": 75472.288,
      "best_fitness_history": [
        -14.866393433300805,
        -13.817424488421478,
        -11.493838745236243,
        -11.493838745236243,
        -7.979568682628057,
        -5.627440446217112,
        -4.5175521192564725,
        -3.470098639113463,
        -3.470098639113463,
        -3.470098639113463,
        -3.470098639113463,
        -2.8301225392916027,
        0.45934985445234155,
        0.5042000529750259,
        0.5042000529750259,
        0.5042000529750259,
        0.5042000529750259,
        0.5042000529750259,
        0.5042000529750259,
        0.5042000529750259,
        0.5048131048659723,
        0.5048131048659723,
        0.5048131048659723,
        0.5048131048659723,
        0.5048131048659723,
        0.5048131048659723,
        0.5048131048659723,
        0.5048131048659723,
        0.5048131048659723,
        0.5048131048659723,
        0.5048131048659723,
        0.5048131048659723,
        0.5048131048659723,
        0.5048131048659723,
        0.5048131048659723,
        0.5048131048659723,
        0.5048131048659723,
        0.5048131048659723,
        0.5048131048659723,
        0.5048131048659723,
        0.5048131048659723,
        0.5048131048659723,
        0.5048131048659723,
        0.5048131048659723,
        0.5048131048659723,
        0.5048131048659723,
        0.5048131048659723,
        0.5048131048659723,
        0.5048131048659723,
        0.5048131048659723,
        0.5048131048659723,
        0.5048131048659723,
        0.5048131048659723,
        0.5048131048659723,
        0.5048131048659723,
        0.5048131048659723,
        0.5048131048659723,
        0.5048131048659723,
        0.5048131048659723,
        0.5048131048659723,
        0.5048131048659723,
        0.5048131048659723,
        0.5048131048659723,
        0.5048131048659723,
        0.5048131048659723,
        0.5048131048659723,
        0.5048131048659723,
        0.5048131048659723,
        0.5048131048659723,
        0.5048131048659723,
        0.5048131048659723
      ]
    },
    {
      "param_value": 100,
      "value": 76804.68000000001,