max_states,value,value_std,value_best,value_worst,time,time_std,efficiency
1000,114374.66999999997,1.4551915228366852e-11,114374.66999999998,114374.66999999998,1.3828277587890625e-05,1.948625253839736e-06,8271071308.270343
2000,114374.66999999997,1.4551915228366852e-11,114374.66999999998,114374.66999999998,9.965896606445312e-06,6.106495129998063e-07,11476606121.523443
3000,114374.66999999997,1.4551915228366852e-11,114374.66999999998,114374.66999999998,1.0013580322265625e-05,1.5078914929239175e-07,11421955616.182854
5000,114374.66999999997,1.4551915228366852e-11,114374.66999999998,114374.66999999998,1.1777877807617187e-05,2.2140859158027458e-06,9710974410.519836
7000,114374.66999999997,1.4551915228366852e-11,114374.66999999998,114374.66999999998,1.0395050048828125e-05,4.6720309119857374e-07,11002801281.644033
10000,114374.66999999997,1.4551915228366852e-11,114374.66999999998,114374.66999999998,1.0013580322265625e-05,6.03156597169567e-07,11421955616.182854
