characteristic,test_case,gbfs_value,gbfs_time,bpso_value,bpso_time,dp_value,dp_time,gbfs_pct_optimal,bpso_pct_optimal
low_correlation,Data Low Correlation Medium,154044.85,1.3033548990885416e-05,102486.77000000002,0.01585070292154948,155955,0.010912895202636719,98.77519156166844,65.71560386008785
high_correlation,Data High Correlation Medium,123533.60000000002,1.4066696166992188e-05,71845.13333333335,0.015217145284016928,124924,0.009431123733520508,98.88700329800521,57.511073399293444
high_value,Data High Value Medium,178781.13000000003,1.33514404296875e-05,139168.75333333333,0.015224059422810873,181142,0.009209871292114258,98.69667443221341,76.8285396723749
region_1,Region 1Regions Medium,170441.64,1.3907750447591146e-05,102503.32666666666,0.01548465092976888,171607,0.009855985641479492,99.32091348255025,59.731436751803045
region_3,Region 3Regions Medium,164540.67,1.2715657552083334e-05,102009.15666666668,0.015331188837687174,164765,0.009361982345581055,99.86384851151641,61.9119088803245
