param_value,value,value_std,time,time_std
20,75562.512,15276.738204685453,0.008371210098266602,0.0008057758134586536
30,83836.66,10394.520849530296,0.009456729888916016,0.0003102371444898769
50,92385.3,11114.953736157424,0.015401935577392578,5.364165829981982e-05
70,87972.462,6080.619669498825,0.021426630020141602,0.00010343667437147684
100,91908.56,1916.1334912578504,0.03020024299621582,0.0003157277061721215
150,98061.116,4948.711118817104,0.04465980529785156,0.0007552022266961039
