algorithm,value_mean,value_std,time_mean,pct_optimal
GBFS,114374.66999999997,1.4551915228366852e-11,2.1791458129882814e-05,100.00670648001606
BPSO,75255.22,9906.13669904873,0.017326736450195314,65.80151617162294
DP,114367.0,0.0,0.004708051681518555,100.0
