param_value,value,value_std,time,time_std
20,67631.16,7031.078398359667,0.00618596076965332,4.431338813696604e-05
30,80778.872,12164.651333473392,0.009156036376953124,0.00015855738248436954
50,83203.04400000001,11387.610126629032,0.015569925308227539,0.00013399633214653938
70,78840.49399999999,5868.664638237902,0.02141561508178711,0.00042689424421377885
100,86149.116,3512.129804717367,0.03087162971496582,0.00018369386429298052
150,88801.164,4911.710314733965,0.045655012130737305,0.0006841460240483749
