param_value,value,value_std,time,time_std
20,81328.312,13100.747989450676,0.008954238891601563,0.001717311501430133
30,83454.674,9371.812436361708,0.009610891342163086,0.00033971804784335404
50,78787.198,4075.764764268908,0.015594005584716797,8.744899678260956e-05
70,88496.45599999999,12677.12224900683,0.021680879592895507,5.301828830678635e-05
100,92798.3,9097.290503962155,0.030847501754760743,0.00015451403197444413
150,87824.418,4458.097389942934,0.04572620391845703,0.0006873049582706447
