{
  "experiment": "3_1_1_d_bpso_w",
  "param_name": "w",
  "results": [
    {
      "param_value": 0.3,
      "value": 66549.378,
      "best_fitness_history": [
        -10.95203529407808,
        -10.95203529407808,
        -7.256816070003474,
        -7.256816070003474,
        -7.256816070003474,
        -7.256816070003474,
        -7.256816070003474,
        -7.256816070003474,
        -7.256816070003474,
        -7.256816070003474,
        -7.256816070003474,
        -7.256816070003474,
        -5.143291364418898,
        -5.143291364418898,
        -3.045601980038274,
        -3.045601980038274,
        -3.045601980038274,
        -3.045601980038274,
        -3.045601980038274,
        -3.045601980038274,
        -3.045601980038274,
        -3.045601980038274,
        -3.045601980038274,
        -3.045601980038274,
        -3.045601980038274,
        -3.045601980038274,
        -3.045601980038274,
        -3.045601980038274,
        -3.045601980038274,
        -3.045601980038274,
        -2.2034448821435997,
        -2.2034448821435997,
        -2.2034448821435997,
        -2.2034448821435997,
        -2.2034448821435997,
        -2.2034448821435997,
        -2.2034448821435997,
        -2.2034448821435997,
        -2.2034448821435997,
        -2.2034448821435997,
        -2.2034448821435997,
        -2.2034448821435997,
        -2.2034448821435997,
        -2.2034448821435997,
        -2.2034448821435997,
        -2.2034448821435997,
        -2.2034448821435997,
        -2.2034448821435997,
        -2.2034448821435997,
        -2.2034448821435997,
        -2.2034448821435997
      ]
    },
    {
      "param_value": 0.5,
      "value": 67153.53,
      "best_fitness_history": [
        -14.520145077010204,
        -4.896523608852041,
        -4.896523608852041,
        -4.896523608852041,
        -4.896523608852041,
        -4.896523608852041,
        -4.896523608852041,
        -4.896523608852041,
        -4.769539230854496,
        -4.769539230854496,
        -4.528675465441741,
        -4.528675465441741,
        -4.528675465441741,
        -1.0440831792176273,
        -1.0440831792176273,
        -1.0440831792176273,
        -1.0440831792176273,
        -1.0440831792176273,
        -1.0440831792176273,
        -1.0440831792176273,
        -1.0440831792176273,
        -1.0440831792176273,
        -1.0440831792176273,
        -1.0440831792176273,
        -1.0440831792176273,
        -1.0440831792176273,
        -1.0440831792176273,
        -1.0440831792176273,
        -1.0440831792176273,
        -1.0440831792176273,
        -1.0440831792176273,
        -1.0440831792176273,
        -1.0440831792176273,
        -1.0440831792176273,
        0.35149385520662035,
        0.35149385520662035,
        0.35149385520662035,
        0.35149385520662035,
        0.35149385520662035,
        0.35149385520662035,
        0.35149385520662035,
        0.35149385520662035,
        0.35149385520662035,
        0.35149385520662035,
        0.35149385520662035,
        0.35149385520662035,
        0.35149385520662035,
        0.35149385520662035,
        0.35149385520662035,
        0.35149385520662035,
        0.35149385520662035
      ]
    },
    {
      "param_value": 0.7,
      "value": 69612.614,
      "best_fitness_history": [
        -15.094487152733544,
        -15.094487152733544,
        -10.288617106674854,
        -5.74095852078732,
        -5.74095852078732,
        -5.74095852078732,
        -5.212641593268938,
        -5.212641593268938,
        -5.212641593268938,
        -4.758607757170076,
        -4.301347769184059,
        -4.301347769184059,
        -4.301347769184059,
        -4.301347769184059,
        -1.728359789267552,
        -1.728359789267552,
        -1.728359789267552,
        -1.728359789267552,
        -1.728359789267552,
        -1.728359789267552,
        -1.728359789267552,
        -0.005322868614065279,
        -0.005322868614065279,
        -0.005322868614065279,
        0.4010336349088045,
        0.4010336349088045,
        0.4010336349088045,
        0.4010336349088045,
        0.4087133391694475,
        0.4087133391694475,
        0.4087133391694475,
        0.4087133391694475,
        0.4087133391694475,
        0.4087133391694475,
        0.4566913903256197,
        0.4566913903256197,
        0.4566913903256197,
        0.4566913903256197,
        0.4566913903256197,
        0.4566913903256197,
        0.4566913903256197,
        0.4566913903256197,
        0.4566913903256197,
        0.4566913903256197,
        0.4566913903256197,
        0.4566913903256197,
        0.4566913903256197,
        0.4566913903256197,
        0.45992176998738943,
        0.45992176998738943,
        0.45992176998738943
      ]
    },
    {
      "param_value": 0.9,
      "value": 92011.564,
      "best_fitness_history": [
        -9.246321475853454,
        -9.246321475853454,
        -9.246321475853454,
        -5.166227972679126,
        -2.5770458117432264,
        -2.5770458117432264,
        -0.33631547606211043,
        -0.02040743878677076,
        -0.02040743878677076,
        -0.02040743878677076,
        0.32514634592246383,
        0.45699555118197654,
        0.45699555118197654,
        0.45699555118197654,
        0.4689028652330638,
        0.4689028652330638,
        0.47329351023259336,
        0.47329351023259336,
        0.47329351023259336,
        0.5257813612116327,
        0.5257813612116327,
        0.5257813612116327,
        0.5257813612116327,
        0.5257813612116327,
        0.5257813612116327,
        0.5257813612116327,
        0.5257813612116327,
        0.5257813612116327,
        0.5257813612116327,
        0.5257813612116327,
        0.5257813612116327,
        0.5257813612116327,
        0.53615926829415,
        0.53615926829415,
        0.53615926829415,
        0.53615926829415,
        0.53615926829415,
        0.53615926829415,
        0.53615926829415,
        0.53615926829415,
        0.53615926829415,
        0.53615926829415,
        0.5376701703896338,
        0.5376701703896338,
        0.5376701703896338,
        0.5376701703896338,
        0.5376701703896338,
        0.5517034656463937,
        0.5517034656463937,
        0.5517034656463937,
        0.5517034656463937
      ]
    }
  ]
}