{
  "experiment": "3_1_1_b_bpso_swarm_size",
  "param_name": "n_particles",
  "results": [
    {
      "param_value": 10,
      "value": 63856.482,
      "best_fitness_history": [
        -13.366053040687566,
        -13.366053040687566,
        -11.15758139138622,
        -10.141464360213748,
        -10.141464360213748,
        -2.9830460333197832,
        -2.9830460333197832,
        -2.9830460333197832,
        -2.9830460333197832,
        -2.9830460333197832,
        -2.9830460333197832,
        -2.9830460333197832,
        -2.9830460333197832,
        -2.9830460333197832,
        -2.9830460333197832,
        -2.9830460333197832,
        -2.9830460333197832,
        -2.9830460333197832,
        -2.9830460333197832,
        -2.9830460333197832,
        -2.9830460333197832,
        -2.9830460333197832,
        -2.9830460333197832,
        0.19484090153187228,
        0.19484090153187228,
        0.19484090153187228,
        0.19484090153187228,
        0.19484090153187228,
        0.19484090153187228,
        0.19484090153187228,
        0.19484090153187228,
        0.19484090153187228,
        0.19484090153187228,
        0.19484090153187228,
        0.19484090153187228,
        0.19484090153187228,
        0.19484090153187228,
        0.19484090153187228,
        0.19484090153187228,
        0.19484090153187228,
        0.19484090153187228,
        0.19484090153187228,
        0.19484090153187228,
        0.19484090153187228,
        0.19484090153187228,
        0.19484090153187228,
        0.19484090153187228,
        0.19484090153187228,
        0.19484090153187228,
        0.19484090153187228,
        0.19484090153187228
      ]
    },
    {
      "param_value": 20,
      "value": 69975.41,
      "best_fitness_history": [
        -12.229185532809657,
        -9.338542370309325,
        -7.14308136212683,
        -7.14308136212683,
        -7.14308136212683,
        -4.303139336934374,
        -4.303139336934374,
        -4.303139336934374,
        -4.303139336934374,
        -4.303139336934374,
        -2.547844342063425,
        -2.547844342063425,
        -2.547844342063425,
        -0.5333359151169488,
        -0.5333359151169488,
        -0.5333359151169488,
        -0.5333359151169488,
        -0.5333359151169488,
        -0.5333359151169488,
        -0.5333359151169488,
        -0.5333359151169488,
        -0.5333359151169488,
        -0.5333359151169488,
        -0.5333359151169488,
        -0.5333359151169488,
        0.23034930992491637,
        0.23034930992491637,
        0.23034930992491637,
        0.23034930992491637,
        0.23034930992491637,
        0.23034930992491637,
        0.23034930992491637,
        0.23034930992491637,
        0.23034930992491637,
        0.23034930992491637,
        0.23034930992491637,
        0.23034930992491637,
        0.23034930992491637,
        0.23034930992491637,
        0.23034930992491637,
        0.23034930992491637,
        0.23034930992491637,
        0.23034930992491637,
        0.23034930992491637,
        0.23034930992491637,
        0.23034930992491637,
        0.23034930992491637,
        0.23034930992491637,
        0.23034930992491637,
        0.23034930992491637,
        0.23034930992491637
      ]
    },
    {
      "param_value": 30,
      "value": 69301.794,
      "best_fitness_history": [
        -11.631838131291763,
        -11.631838131291763,
        -8.00786139440059,
        -5.923282659933116,
        -5.923282659933116,
        -5.923282659933116,
        -5.923282659933116,
        -5.923282659933116,
        -5.546084623314935,
        -3.1806128919795005,
        -3.1806128919795005,
        -3.1806128919795005,
        -3.1806128919795005,
        0.103029805395121,
        0.103029805395121,
        0.103029805395121,
        0.103029805395121,
        0.103029805395121,
        0.103029805395121,
        0.103029805395121,
        0.103029805395121,
        0.103029805395121,
        0.103029805395121,
        0.103029805395121,
        0.103029805395121,
        0.103029805395121,
        0.103029805395121,
        0.103029805395121,
        0.103029805395121,
        0.103029805395121,
        0.103029805395121,
        0.103029805395121,
        0.2027152448297926,
        0.2027152448297926,
        0.2027152448297926,
        0.2027152448297926,
        0.2027152448297926,
        0.2027152448297926,
        0.2027152448297926,
        0.2027152448297926,
        0.2027152448297926,
        0.2027152448297926,
        0.2027152448297926,
        0.2027152448297926,
        0.2027152448297926,
        0.2027152448297926,
        0.2027152448297926,
        0.2027152448297926,
        0.2027152448297926,
        0.2027152448297926,
        0.2027152448297926
      ]
    },
    {
      "param_value": 50,
      "value": 69560.82800000001,
      "best_fitness_history": [
        -10.721732289471753,
        -4.543902547074699,
        -0.7821481530786599,
        -0.7821481530786599,
        -0.7821481530786599,
        -0.7821481530786599,
        0.16695346002141723,
        0.16695346002141723,
        0.16695346002141723,
        0.16695346002141723,
        0.16695346002141723,
        0.16695346002141723,
        0.16695346002141723,
        0.16695346002141723,
        0.16695346002141723,
        0.16695346002141723,
        0.16695346002141723,
        0.16695346002141723,
        0.16695346002141723,
        0.16695346002141723,
        0.16695346002141723,
        0.16695346002141723,
        0.16695346002141723,
        0.16695346002141723,
        0.16695346002141723,
        0.16695346002141723,
        0.16695346002141723,
        0.16695346002141723,
        0.16695346002141723,
        0.16695346002141723,
        0.17930130440790973,
        0.17930130440790973,
        0.19241107134972626,
        0.19241107134972626,
        0.19241107134972626,
        0.19241107134972626,
        0.19241107134972626,
        0.19241107134972626,
        0.19241107134972626,
        0.19241107134972626,
        0.19241107134972626,
        0.19241107134972626,
        0.19241107134972626,
        0.19241107134972626,
        0.19241107134972626,
        0.19241107134972626,
        0.19425017504258457,
        0.19425017504258457,
        0.19425017504258457,
        0.19425017504258457,
        0.19425017504258457
      ]
    },
    {
      "param_value": 70,
      "value": 78765.698,
      "best_fitness_history": [
        -11.367880882037394,
        -11.159963893796048,
        -6.2871779193477915,
        -5.616397931446411,
        -5.616397931446411,
        -4.090178511660087,
        -4.090178511660087,
        -4.090178511660087,
        -3.7873153125320904,
        -3.7873153125320904,
        -3.107215533630314,
        -3.107215533630314,
        -3.107215533630314,
        -3.107215533630314,
        -3.107215533630314,
        0.01863283340570493,
        0.01863283340570493,
        0.01863283340570493,
        0.01863283340570493,
        0.01863283340570493,
        0.1656977016606044,
        0.1656977016606044,
        0.1656977016606044,
        0.1656977016606044,
        0.19773236592153856,
        0.19773236592153856,
        0.19773236592153856,
        0.19773236592153856,
        0.19773236592153856,
        0.19773236592153856,
        0.19773236592153856,
        0.19773236592153856,
        0.19773236592153856,
        0.19773236592153856,
        0.19773236592153856,
        0.19773236592153856,
        0.19773236592153856,
        0.19773236592153856,
        0.23643317680180986,
        0.23643317680180986,
        0.23643317680180986,
        0.23643317680180986,
        0.23643317680180986,
        0.23643317680180986,
        0.23643317680180986,
        0.23643317680180986,
        0.23643317680180986,
        0.23643317680180986,
        0.23643317680180986,
        0.23643317680180986,
        0.23643317680180986
      ]
    },
    {
      "param_value": 100,
      "value": 73938.47799999999,