param_value,value,value_std,time,time_std
10,77530.326,15037.45494029572,0.005057811737060547,2.7857657684293834e-05
20,80779.132,4486.024497736948,0.009998750686645509,3.420002951452744e-05
30,85040.408,7479.041004512278,0.01487727165222168,6.387151412889028e-05
50,80416.28,5606.273448361224,0.02532958984375,0.00013393947510898722
70,89039.29400000001,11908.717480129595,0.03526911735534668,0.0002750144657932851
100,87801.86,8071.42152743121,0.050365781784057616,0.0003083603299665054
