param_value,value,value_std,time,time_std
10,63856.482,12909.560306926645,0.005797815322875976,4.472071633382675e-05
20,69975.41,13616.685049340022,0.01134037971496582,8.911153939463771e-05
30,69301.794,7045.33145090733,0.017288923263549805,0.00010049879041705428
50,69560.82800000001,3881.8417009836976,0.028792810440063477,6.081485478350734e-05
70,78765.698,7277.699488256986,0.03976602554321289,0.0003959976109370243
100,73938.47799999999,8009.9677207948835,0.05648956298828125,0.00029602339585851943
