algorithm,value_mean,value_std,time_mean,pct_optimal
GBFS,114374.66999999997,1.4551915228366852e-11,2.7608871459960937e-05,100.00670648001606
BPSO,85166.31599999999,12158.386142283198,0.017899227142333985,74.46756144692087
DP,114367.0,0.0,0.0044782161712646484,100.0
