max_states,value,value_std,value_best,value_worst,time,time_std,efficiency
1000,62421.420000000006,0.0,62421.420000000006,62421.420000000006,0.0018948554992675782,9.879389301535375e-05,32942575.31728824
2000,66024.7,0.0,66024.7,66024.7,0.003912496566772461,0.00036035248153501166,16875337.491852626
3000,71784.12999999999,0.0,71784.12999999999,71784.12999999999,0.006292581558227539,0.0001794174183289235,11407739.309495699
5000,80072.89,0.0,80072.89,80072.89,0.0167449951171875,0.010813256895500858,4781899.871550938
7000,82655.27,0.0,82655.27,82655.27,0.01646428108215332,0.00032860423805809675,5020278.115246423
10000,82655.27,0.0,82655.27,82655.27,0.02935647964477539,0.010006832721760697,2815571.5876072445
