param_value,value,value_std,time,time_std
10,80948.048,8704.787351099167,0.00497746467590332,8.465652544547584e-05
20,78712.882,13361.069805495963,0.010009574890136718,5.183801118327908e-05
30,85812.932,11585.666322703064,0.01504201889038086,0.00011640154681724353
50,83223.738,8241.794535549652,0.02471914291381836,0.0001159413248559783
70,84228.04199999999,4653.063708424377,0.03456501960754395,0.000319295672912605
100,86969.218,3762.3859049884823,0.04988374710083008,0.0003461853071972358
