algorithm,value_mean,value_std,time_mean,pct_optimal
GBFS,114374.66999999997,1.4551915228366852e-11,1.087188720703125e-05,100.00670648001606
BPSO,95228.428,14305.57819231421,0.015200519561767578,83.26565180515358
DP,114367.0,0.0,0.0047681331634521484,100.0
