algorithm,value_mean,value_std,time_mean,pct_optimal
GBFS,114374.66999999997,1.4551915228366852e-11,2.2792816162109374e-05,100.00670648001606
BPSO,85238.49399999999,11821.212827896466,0.018070316314697264,74.53067230932
DP,114367.0,0.0,0.004724025726318359,100.0
