max_states,value,value_std,value_best,value_worst,time,time_std,efficiency
1000,114374.66999999997,1.4551915228366852e-11,114374.66999999998,114374.66999999998,3.3473968505859376e-05,7.668929187973141e-06,3416824329.6273494
2000,114374.66999999997,1.4551915228366852e-11,114374.66999999998,114374.66999999998,2.2029876708984376e-05,1.7099782063523395e-06,5191798007.355843
3000,114374.66999999997,1.4551915228366852e-11,114374.66999999998,114374.66999999998,1.9311904907226562e-05,1.2342623811287674e-06,5922495504.687406
5000,114374.66999999997,1.4551915228366852e-11,114374.66999999998,114374.66999999998,1.8072128295898437e-05,3.8146972656249997e-07,6328788072.291291
7000,114374.66999999997,1.4551915228366852e-11,114374.66999999998,114374.66999999998,1.6689300537109375e-05,3.9895058943465975e-07,6853173369.709712
10000,114374.66999999997,1.4551915228366852e-11,114374.66999999998,114374.66999999998,1.583099365234375e-05,6.843900725558912e-07,7224730962.043371
