max_states,value,value_std,value_best,value_worst,time,time_std,efficiency
1000,114374.66999999997,1.4551915228366852e-11,114374.66999999998,114374.66999999998,3.595352172851563e-05,1.1904132454036286e-05,3181181272.41167
2000,114374.66999999997,1.4551915228366852e-11,114374.66999999998,114374.66999999998,2.5463104248046874e-05,2.2027605938818163e-06,4491780298.498876
3000,114374.66999999997,1.4551915228366852e-11,114374.66999999998,114374.66999999998,2.117156982421875e-05,1.7610726654643428e-06,5402276304.95135
5000,114374.66999999997,1.4551915228366852e-11,114374.66999999998,114374.66999999998,1.873970031738281e-05,4.156969970265077e-07,6103335062.082441
7000,114374.66999999997,1.4551915228366852e-11,114374.66999999998,114374.66999999998,1.683235168457031e-05,6.843900725558912e-07,6794931103.111613
10000,114374.66999999997,1.4551915228366852e-11,114374.66999999998,114374.66999999998,1.6021728515625e-05,7.599533772711385e-07,7138722260.114284
