max_states,value,value_std,value_best,value_worst,time,time_std,efficiency
1000,62421.420000000006,0.0,62421.420000000006,62421.420000000006,0.0017437934875488281,8.91702060239431e-05,35796337.37922888
2000,66024.7,0.0,66024.7,66024.7,0.003560590744018555,0.00023934581694197432,18543187.000897266
3000,71784.12999999999,0.0,71784.12999999999,71784.12999999999,0.005839729309082031,0.00012421874301566621,12292372.84823464
5000,80072.89,0.0,80072.89,80072.89,0.015375518798828125,0.009619453750172344,5207817.118086637
7000,82655.27,0.0,82655.27,82655.27,0.014987373352050781,0.00032624045627348763,5514993.725614366
10000,82655.27,0.0,82655.27,82655.27,0.027837800979614257,0.010993814945620099,2969173.8244888242
