param_value,value,value_std,time,time_std
10,75314.018,24811.56724856002,0.005100727081298828,3.6743080101043986e-05
20,74628.614,8279.217633065577,0.010102796554565429,0.00010688104665932625
30,94404.306,8747.104131232463,0.014953708648681641,0.00015003759796758606
50,77227.5,6590.629762273105,0.0249298095703125,0.0002417284292814934
70,81834.068,6622.8285049045335,0.03522305488586426,0.0005765747122447793
100,84544.49399999999,2814.062850226345,0.05009193420410156,0.0006211812290781006
